<?xml version="1.0" encoding="UTF-8"?>
<dataroot xmlns:od="urn:schemas-microsoft-com:officedata" generated="2018-01-11T13:01:16">
<Identificacion_Estaciones_OpenDATA>
<ID_EST>AL001</ID_EST>
<NOMBRE>Nijar</NOMBRE>
<PROVINCIA>4</PROVINCIA>
<MUNICIPIO>66</MUNICIPIO>
<LATITUD>36.9119</LATITUD>
<LONGITUD>2.1719</LONGITUD>
<ALTITUD>120</ALTITUD>
</Identificacion_Estaciones_OpenDATA>
<Identificacion_Estaciones_OpenDATA>
<ID_EST>AL002</ID_EST>
<NOMBRE>Antas</NOMBRE>
<PROVINCIA>4</PROVINCIA>
<MUNICIPIO>16</MUNICIPIO>
<LATITUD>37.2575</LATITUD>
<LONGITUD>1.908889</LONGITUD>
<ALTITUD>125</ALTITUD>
</Identificacion_Estaciones_OpenDATA>
<Identificacion_Estaciones_OpenDATA>
<ID_EST>AL003</ID_EST>
<NOMBRE>Alhama de Almería</NOMBRE>
<PROVINCIA>4</PROVINCIA>
<MUNICIPIO>11</MUNICIPIO>
<LATITUD>36.96083</LATITUD>
<LONGITUD>2.537778</LONGITUD>
<ALTITUD>360</ALTITUD>
</Identificacion_Estaciones_OpenDATA>
<Identificacion_Estaciones_OpenDATA>
<ID_EST>AL004</ID_EST>
<NOMBRE>Almería</NOMBRE>
<PROVINCIA>4</PROVINCIA>
<MUNICIPIO>13</MUNICIPIO>
<LATITUD>30.83611</LATITUD>
<LONGITUD>2.3875</LONGITUD>
<ALTITUD>20</ALTITUD>
</Identificacion_Estaciones_OpenDATA>
<Identificacion_Estaciones_OpenDATA>
<ID_EST>AL005</ID_EST>
<NOMBRE>Cuevas de Almanzora</NOMBRE>
<PROVINCIA>4</PROVINCIA>
<MUNICIPIO>35</MUNICIPIO>
<LATITUD>37.25528</LATITUD>
<LONGITUD>1.801944</LONGITUD>
<ALTITUD>30</ALTITUD>
</Identificacion_Estaciones_OpenDATA>
<Identificacion_Estaciones_OpenDATA>
<ID_EST>AL006</ID_EST>
<NOMBRE>Abla</NOMBRE>
<PROVINCIA>4</PROVINCIA>
<MUNICIPIO>1</MUNICIPIO>
<LATITUD>37.14722</LATITUD>
<LONGITUD>2.768611</LONGITUD>
<ALTITUD>840</ALTITUD>
</Identificacion_Estaciones_OpenDATA>
<Identificacion_Estaciones_OpenDATA>
<ID_EST>AL007</ID_EST>
<NOMBRE>La Mojonera</NOMBRE>
<PROVINCIA>4</PROVINCIA>
<MUNICIPIO>903</MUNICIPIO>
<LATITUD>36.471</LATITUD>
<LONGITUD>2.4231</LONGITUD>
<ALTITUD>138</ALTITUD>
</Identificacion_Estaciones_OpenDATA>
<Identificacion_Estaciones_OpenDATA>
<ID_EST>AL008</ID_EST>
<NOMBRE>Chirivel</NOMBRE>
<PROVINCIA>4</PROVINCIA>
<MUNICIPIO>37</MUNICIPIO>
<LATITUD>37.5892</LATITUD>
<LONGITUD>3.73786</LONGITUD>
<ALTITUD>1080</ALTITUD>
</Identificacion_Estaciones_OpenDATA>
<Identificacion_Estaciones_OpenDATA>
<ID_EST>CA001</ID_EST>
<NOMBRE>Villamartín</NOMBRE>
<PROVINCIA>11</PROVINCIA>
<MUNICIPIO>41</MUNICIPIO>
<LATITUD>36.84639</LATITUD>
<LONGITUD>5.6216</LONGITUD>
<ALTITUD>150</ALTITUD>
</Identificacion_Estaciones_OpenDATA>
<Identificacion_Estaciones_OpenDATA>
<ID_EST>CA002</ID_EST>
<NOMBRE>Jimena de la Frontera</NOMBRE>
<PROVINCIA>11</PROVINCIA>
<MUNICIPIO>21</MUNICIPIO>
<LATITUD>36.4103</LATITUD>
<LONGITUD>5.4355</LONGITUD>
<ALTITUD>75</ALTITUD>
</Identificacion_Estaciones_OpenDATA>
<Identificacion_Estaciones_OpenDATA>
<ID_EST>CA003</ID_EST>
<NOMBRE>Olvera</NOMBRE>
<PROVINCIA>11</PROVINCIA>
<MUNICIPIO>24</MUNICIPIO>
<LATITUD>36.9355</LATITUD>
<LONGITUD>3.25</LONGITUD>
<ALTITUD>623</ALTITUD>
</Identificacion_Estaciones_OpenDATA>
<Identificacion_Estaciones_OpenDATA>
<ID_EST>CA004</ID_EST>
<NOMBRE>Jerez de la Frontera</NOMBRE>
<PROVINCIA>11</PROVINCIA>
<MUNICIPIO>20</MUNICIPIO>
<LATITUD>36.71944</LATITUD>
<LONGITUD>6.15278</LONGITUD>
<ALTITUD>30</ALTITUD>
</Identificacion_Estaciones_OpenDATA>
<Identificacion_Estaciones_OpenDATA>
<ID_EST>CO001</ID_EST>
<NOMBRE>Santaella</NOMBRE>
<PROVINCIA>14</PROVINCIA>
<MUNICIPIO>60</MUNICIPIO>
<LATITUD>37.46194</LATITUD>
<LONGITUD>4.89305</LONGITUD>
<ALTITUD>142</ALTITUD>
</Identificacion_Estaciones_OpenDATA>
<Identificacion_Estaciones_OpenDATA>
<ID_EST>CO002</ID_EST>
<NOMBRE>Montoro</NOMBRE>
<PROVINCIA>14</PROVINCIA>
<MUNICIPIO>43</MUNICIPIO>
<LATITUD>38.00496</LATITUD>
<LONGITUD>4.339612</LONGITUD>
<ALTITUD>198</ALTITUD>
</Identificacion_Estaciones_OpenDATA>
<Identificacion_Estaciones_OpenDATA>
<ID_EST>CO003</ID_EST>
<NOMBRE>Palma del Río</NOMBRE>
<PROVINCIA>14</PROVINCIA>
<MUNICIPIO>49</MUNICIPIO>
<LATITUD>37.6855</LATITUD>
<LONGITUD>5.3033</LONGITUD>
<ALTITUD>57</ALTITUD>
</Identificacion_Estaciones_OpenDATA>
<Identificacion_Estaciones_OpenDATA>
<ID_EST>CO004</ID_EST>
<NOMBRE>Nueva Carteya</NOMBRE>
<PROVINCIA>14</PROVINCIA>
<MUNICIPIO>46</MUNICIPIO>
<LATITUD>37.59369</LATITUD>
<LONGITUD>4.424603</LONGITUD>
<ALTITUD>415</ALTITUD>
</Identificacion_Estaciones_OpenDATA>
<Identificacion_Estaciones_OpenDATA>
<ID_EST>CO005</ID_EST>
<NOMBRE>La Rambla</NOMBRE>
<PROVINCIA>14</PROVINCIA>
<MUNICIPIO>57</MUNICIPIO>
<LATITUD>37.6228</LATITUD>
<LONGITUD>4.8267</LONGITUD>
<ALTITUD>275</ALTITUD>
</Identificacion_Estaciones_OpenDATA>
<Identificacion_Estaciones_OpenDATA>
<ID_EST>CO006</ID_EST>
<NOMBRE>Lucena</NOMBRE>
<PROVINCIA>14</PROVINCIA>
<MUNICIPIO>38</MUNICIPIO>
<LATITUD>37.33962</LATITUD>
<LONGITUD>4.477274</LONGITUD>
<ALTITUD>463</ALTITUD>
</Identificacion_Estaciones_OpenDATA>
<Identificacion_Estaciones_OpenDATA>
<ID_EST>CO007</ID_EST>
<NOMBRE>Carcabuey</NOMBRE>
<PROVINCIA>14</PROVINCIA>
<MUNICIPIO>15</MUNICIPIO>
<LATITUD>37.4623</LATITUD>
<LONGITUD>4.268707</LONGITUD>
<ALTITUD>530</ALTITUD>
</Identificacion_Estaciones_OpenDATA>
<Identificacion_Estaciones_OpenDATA>
<ID_EST>CO008</ID_EST>
<NOMBRE>Córdoba</NOMBRE>
<PROVINCIA>14</PROVINCIA>
<MUNICIPIO>21</MUNICIPIO>
<LATITUD>37.7704</LATITUD>
<LONGITUD>4.4883</LONGITUD>
<ALTITUD>245</ALTITUD>
</Identificacion_Estaciones_OpenDATA>
<Identificacion_Estaciones_OpenDATA>
<ID_EST>CO009</ID_EST>
<NOMBRE>Guadalcazar</NOMBRE>
<PROVINCIA>14</PROVINCIA>
<MUNICIPIO>33</MUNICIPIO>
<LATITUD>37.72641</LATITUD>
<LONGITUD>5.00454</LONGITUD>
<ALTITUD>173</ALTITUD>
</Identificacion_Estaciones_OpenDATA>
<Identificacion_Estaciones_OpenDATA>
<ID_EST>CO010</ID_EST>
<NOMBRE>Villaviciosa de Córdoba</NOMBRE>
<PROVINCIA>14</PROVINCIA>
<MUNICIPIO>73</MUNICIPIO>
<LATITUD>38.0844</LATITUD>
<LONGITUD>5.0017</LONGITUD>
<ALTITUD>750</ALTITUD>
</Identificacion_Estaciones_OpenDATA>
<Identificacion_Estaciones_OpenDATA>
<ID_EST>CO011</ID_EST>
<NOMBRE>Obejo</NOMBRE>
<PROVINCIA>14</PROVINCIA>
<MUNICIPIO>47</MUNICIPIO>
<LATITUD>38.1344</LATITUD>
<LONGITUD>4.7427</LONGITUD>
<ALTITUD>698</ALTITUD>
</Identificacion_Estaciones_OpenDATA>
<Identificacion_Estaciones_OpenDATA>
<ID_EST>CO012</ID_EST>
<NOMBRE>Dos Torres</NOMBRE>
<PROVINCIA>14</PROVINCIA>
<MUNICIPIO>23</MUNICIPIO>
<LATITUD>38.2622</LATITUD>
<LONGITUD>4.5339</LONGITUD>
<ALTITUD>614</ALTITUD>
</Identificacion_Estaciones_OpenDATA>
<Identificacion_Estaciones_OpenDATA>
<ID_EST>GR001</ID_EST>
<NOMBRE>Iznalloz</NOMBRE>
<PROVINCIA>18</PROVINCIA>
<MUNICIPIO>105</MUNICIPIO>
<LATITUD>37.4555</LATITUD>
<LONGITUD>3.556389</LONGITUD>
<ALTITUD>940</ALTITUD>
</Identificacion_Estaciones_OpenDATA>
<Identificacion_Estaciones_OpenDATA>
<ID_EST>GR002</ID_EST>
<NOMBRE>Guadix</NOMBRE>
<PROVINCIA>18</PROVINCIA>
<MUNICIPIO>89</MUNICIPIO>
<LATITUD>37.28444</LATITUD>
<LONGITUD>3.090556</LONGITUD>
<ALTITUD>1000</ALTITUD>
</Identificacion_Estaciones_OpenDATA>
<Identificacion_Estaciones_OpenDATA>
<ID_EST>GR003</ID_EST>
<NOMBRE>Motril</NOMBRE>
<PROVINCIA>18</PROVINCIA>
<MUNICIPIO>140</MUNICIPIO>
<LATITUD>36.73694</LATITUD>
<LONGITUD>3.495</LONGITUD>
<ALTITUD>20</ALTITUD>
</Identificacion_Estaciones_OpenDATA>
<Identificacion_Estaciones_OpenDATA>
<ID_EST>GR004</ID_EST>
<NOMBRE>Alhama de Granada</NOMBRE>
<PROVINCIA>18</PROVINCIA>
<MUNICIPIO>13</MUNICIPIO>
<LATITUD>37.01</LATITUD>
<LONGITUD>4.037</LONGITUD>
<ALTITUD>995</ALTITUD>
</Identificacion_Estaciones_OpenDATA>
<Identificacion_Estaciones_OpenDATA>
<ID_EST>GR005</ID_EST>
<NOMBRE>Lecrín</NOMBRE>
<PROVINCIA>18</PROVINCIA>
<MUNICIPIO>902</MUNICIPIO>
<LATITUD>36.94639</LATITUD>
<LONGITUD>3.5425</LONGITUD>
<ALTITUD>750</ALTITUD>
</Identificacion_Estaciones_OpenDATA>
<Identificacion_Estaciones_OpenDATA>
<ID_EST>GR006</ID_EST>
<NOMBRE>Montefrío</NOMBRE>
<PROVINCIA>18</PROVINCIA>
<MUNICIPIO>135</MUNICIPIO>
<LATITUD>37.39139</LATITUD>
<LONGITUD>4.006667</LONGITUD>
<ALTITUD>841</ALTITUD>
</Identificacion_Estaciones_OpenDATA>
<Identificacion_Estaciones_OpenDATA>
<ID_EST>GR007</ID_EST>
<NOMBRE>Órjiva</NOMBRE>
<PROVINCIA>18</PROVINCIA>
<MUNICIPIO>147</MUNICIPIO>
<LATITUD>36.9</LATITUD>
<LONGITUD>3.404444</LONGITUD>
<ALTITUD>400</ALTITUD>
</Identificacion_Estaciones_OpenDATA>
<Identificacion_Estaciones_OpenDATA>
<ID_EST>GR008</ID_EST>
<NOMBRE>Santa Fe</NOMBRE>
<PROVINCIA>18</PROVINCIA>
<MUNICIPIO>175</MUNICIPIO>
<LATITUD>37.1975</LATITUD>
<LONGITUD>3.6975</LONGITUD>
<ALTITUD>585</ALTITUD>
</Identificacion_Estaciones_OpenDATA>
<Identificacion_Estaciones_OpenDATA>
<ID_EST>GR009</ID_EST>
<NOMBRE>Zújar</NOMBRE>
<PROVINCIA>18</PROVINCIA>
<MUNICIPIO>194</MUNICIPIO>
<LATITUD>37.5325</LATITUD>
<LONGITUD>2.877778</LONGITUD>
<ALTITUD>860</ALTITUD>
</Identificacion_Estaciones_OpenDATA>
<Identificacion_Estaciones_OpenDATA>
<ID_EST>GR010</ID_EST>
<NOMBRE>Ugijar</NOMBRE>
<PROVINCIA>18</PROVINCIA>
<MUNICIPIO>182</MUNICIPIO>
<LATITUD>36.96194</LATITUD>
<LONGITUD>3.016667</LONGITUD>
<ALTITUD>700</ALTITUD>
</Identificacion_Estaciones_OpenDATA>
<Identificacion_Estaciones_OpenDATA>
<ID_EST>HU001</ID_EST>
<NOMBRE>Rio Tinto</NOMBRE>
<PROVINCIA>21</PROVINCIA>
<MUNICIPIO>18</MUNICIPIO>
<LATITUD>37.68639</LATITUD>
<LONGITUD>6.615277</LONGITUD>
<ALTITUD>350</ALTITUD>
</Identificacion_Estaciones_OpenDATA>
<Identificacion_Estaciones_OpenDATA>
<ID_EST>HU002</ID_EST>
<NOMBRE>Lepe</NOMBRE>
<PROVINCIA>21</PROVINCIA>
<MUNICIPIO>44</MUNICIPIO>
<LATITUD>37.28159</LATITUD>
<LONGITUD>7.073888</LONGITUD>
<ALTITUD>45</ALTITUD>
</Identificacion_Estaciones_OpenDATA>
<Identificacion_Estaciones_OpenDATA>
<ID_EST>HU003</ID_EST>
<NOMBRE>Ayamonte</NOMBRE>
<PROVINCIA>21</PROVINCIA>
<MUNICIPIO>10</MUNICIPIO>
<LATITUD>37.2402</LATITUD>
<LONGITUD>7.341388</LONGITUD>
<ALTITUD>30</ALTITUD>
</Identificacion_Estaciones_OpenDATA>
<Identificacion_Estaciones_OpenDATA>
<ID_EST>HU004</ID_EST>
<NOMBRE>Bollullos</NOMBRE>
<PROVINCIA>21</PROVINCIA>
<MUNICIPIO>13</MUNICIPIO>
<LATITUD>37.33056</LATITUD>
<LONGITUD>6.5425</LONGITUD>
<ALTITUD>80</ALTITUD>
</Identificacion_Estaciones_OpenDATA>
<Identificacion_Estaciones_OpenDATA>
<ID_EST>HU005</ID_EST>
<NOMBRE>Gibraleón1</NOMBRE>
<PROVINCIA>21</PROVINCIA>
<MUNICIPIO>35</MUNICIPIO>
<LATITUD>37.39944</LATITUD>
<LONGITUD>6.9975</LONGITUD>
<ALTITUD>75</ALTITUD>
</Identificacion_Estaciones_OpenDATA>
<Identificacion_Estaciones_OpenDATA>
<ID_EST>HU006</ID_EST>
<NOMBRE>Moguer</NOMBRE>
<PROVINCIA>21</PROVINCIA>
<MUNICIPIO>50</MUNICIPIO>
<LATITUD>37.16333</LATITUD>
<LONGITUD>6.851388</LONGITUD>
<ALTITUD>23</ALTITUD>
</Identificacion_Estaciones_OpenDATA>
<Identificacion_Estaciones_OpenDATA>
<ID_EST>HU007</ID_EST>
<NOMBRE>Almonte</NOMBRE>
<PROVINCIA>21</PROVINCIA>
<MUNICIPIO>5</MUNICIPIO>
<LATITUD>37.10639</LATITUD>
<LONGITUD>6.512777</LONGITUD>
<ALTITUD>20</ALTITUD>
</Identificacion_Estaciones_OpenDATA>
<Identificacion_Estaciones_OpenDATA>
<ID_EST>HU008</ID_EST>
<NOMBRE>Aracena</NOMBRE>
<PROVINCIA>21</PROVINCIA>
<MUNICIPIO>7</MUNICIPIO>
<LATITUD>37.87194</LATITUD>
<LONGITUD>6.5</LONGITUD>
<ALTITUD>550</ALTITUD>
</Identificacion_Estaciones_OpenDATA>
<Identificacion_Estaciones_OpenDATA>
<ID_EST>HU009</ID_EST>
<NOMBRE>Gibraleón 2</NOMBRE>
<PROVINCIA>21</PROVINCIA>
<MUNICIPIO>35</MUNICIPIO>
<LATITUD>37.39139</LATITUD>
<LONGITUD>6.869166</LONGITUD>
<ALTITUD>52</ALTITUD>
</Identificacion_Estaciones_OpenDATA>
<Identificacion_Estaciones_OpenDATA>
<ID_EST>HU010</ID_EST>
<NOMBRE>San Bartolomé de la Torre</NOMBRE>
<PROVINCIA>21</PROVINCIA>
<MUNICIPIO>63</MUNICIPIO>
<LATITUD>37.39278</LATITUD>
<LONGITUD>7.135</LONGITUD>
<ALTITUD>122</ALTITUD>
</Identificacion_Estaciones_OpenDATA>
<Identificacion_Estaciones_OpenDATA>
<ID_EST>HU011</ID_EST>
<NOMBRE>Cartaya</NOMBRE>
<PROVINCIA>21</PROVINCIA>
<MUNICIPIO>21</MUNICIPIO>
<LATITUD>37.34306</LATITUD>
<LONGITUD>7.1525</LONGITUD>
<ALTITUD>73</ALTITUD>
</Identificacion_Estaciones_OpenDATA>
<Identificacion_Estaciones_OpenDATA>
<ID_EST>JA001</ID_EST>
<NOMBRE>Guarromán</NOMBRE>
<PROVINCIA>23</PROVINCIA>
<MUNICIPIO>39</MUNICIPIO>
<LATITUD>38.19833</LATITUD>
<LONGITUD>3.666667</LONGITUD>
<ALTITUD>315</ALTITUD>
</Identificacion_Estaciones_OpenDATA>
<Identificacion_Estaciones_OpenDATA>
<ID_EST>JA002</ID_EST>
<NOMBRE>Santisteban del Puerto</NOMBRE>
<PROVINCIA>23</PROVINCIA>
<MUNICIPIO>79</MUNICIPIO>
<LATITUD>38.16634</LATITUD>
<LONGITUD>3.190556</LONGITUD>
<ALTITUD>520</ALTITUD>
</Identificacion_Estaciones_OpenDATA>
<Identificacion_Estaciones_OpenDATA>
<ID_EST>JA003</ID_EST>
<NOMBRE>Andújar</NOMBRE>
<PROVINCIA>23</PROVINCIA>
<MUNICIPIO>5</MUNICIPIO>
<LATITUD>38.03555</LATITUD>
<LONGITUD>4.085</LONGITUD>
<ALTITUD>200</ALTITUD>
</Identificacion_Estaciones_OpenDATA>
<Identificacion_Estaciones_OpenDATA>
<ID_EST>JA004</ID_EST>
<NOMBRE>Bedmar - Garcíez</NOMBRE>
<PROVINCIA>23</PROVINCIA>
<MUNICIPIO>902</MUNICIPIO>
<LATITUD>37.81194</LATITUD>
<LONGITUD>3.403333</LONGITUD>
<ALTITUD>660</ALTITUD>
</Identificacion_Estaciones_OpenDATA>
<Identificacion_Estaciones_OpenDATA>
<ID_EST>JA005</ID_EST>
<NOMBRE>Los Villares</NOMBRE>
<PROVINCIA>23</PROVINCIA>
<LATITUD>37.73111</LATITUD>
<LONGITUD>3.796944</LONGITUD>
<ALTITUD>780</ALTITUD>
</Identificacion_Estaciones_OpenDATA>
<Identificacion_Estaciones_OpenDATA>
<ID_EST>JA006</ID_EST>
<NOMBRE>Torres de Albánchez</NOMBRE>
<PROVINCIA>23</PROVINCIA>
<MUNICIPIO>91</MUNICIPIO>
<LATITUD>38.39944</LATITUD>
<LONGITUD>2.663889</LONGITUD>
<ALTITUD>670</ALTITUD>
</Identificacion_Estaciones_OpenDATA>
<Identificacion_Estaciones_OpenDATA>
<ID_EST>JA007</ID_EST>
<NOMBRE>Villacarrillo</NOMBRE>
<PROVINCIA>23</PROVINCIA>
<MUNICIPIO>95</MUNICIPIO>
<LATITUD>38.05722</LATITUD>
<LONGITUD>3.006389</LONGITUD>
<ALTITUD>700</ALTITUD>
</Identificacion_Estaciones_OpenDATA>
<Identificacion_Estaciones_OpenDATA>
<ID_EST>JA008</ID_EST>
<NOMBRE>Castillo de Locubín</NOMBRE>
<PROVINCIA>23</PROVINCIA>
<MUNICIPIO>26</MUNICIPIO>
<LATITUD>37.53917</LATITUD>
<LONGITUD>3.964444</LONGITUD>
<ALTITUD>680</ALTITUD>
</Identificacion_Estaciones_OpenDATA>
<Identificacion_Estaciones_OpenDATA>
<ID_EST>JA009</ID_EST>
<NOMBRE>Huelma</NOMBRE>
<PROVINCIA>23</PROVINCIA>
<MUNICIPIO>44</MUNICIPIO>
<LATITUD>37.68972</LATITUD>
<LONGITUD>3.391667</LONGITUD>
<ALTITUD>820</ALTITUD>
</Identificacion_Estaciones_OpenDATA>
<Identificacion_Estaciones_OpenDATA>
<ID_EST>JA010</ID_EST>
<NOMBRE>Peal del Becerro</NOMBRE>
<PROVINCIA>23</PROVINCIA>
<LATITUD>37.89083</LATITUD>
<LONGITUD>3.157778</LONGITUD>
<ALTITUD>460</ALTITUD>
</Identificacion_Estaciones_OpenDATA>
<Identificacion_Estaciones_OpenDATA>
<ID_EST>JA011</ID_EST>
<NOMBRE>Castellar de Santisteban</NOMBRE>
<PROVINCIA>23</PROVINCIA>
<MUNICIPIO>25</MUNICIPIO>
<LATITUD>38.29056</LATITUD>
<LONGITUD>3.125</LONGITUD>
<ALTITUD>660</ALTITUD>
</Identificacion_Estaciones_OpenDATA>
<Identificacion_Estaciones_OpenDATA>
<ID_EST>JA012</ID_EST>
<NOMBRE>Baeza</NOMBRE>
<PROVINCIA>23</PROVINCIA>
<LATITUD>37.92333</LATITUD>
<LONGITUD>3.537222</LONGITUD>
<ALTITUD>400</ALTITUD>
</Identificacion_Estaciones_OpenDATA>
<Identificacion_Estaciones_OpenDATA>
<ID_EST>JA013</ID_EST>
<NOMBRE>Martos</NOMBRE>
<PROVINCIA>23</PROVINCIA>
<MUNICIPIO>60</MUNICIPIO>
<LATITUD>37.7125</LATITUD>
<LONGITUD>4.078889</LONGITUD>
<ALTITUD>400</ALTITUD>
</Identificacion_Estaciones_OpenDATA>
<Identificacion_Estaciones_OpenDATA>
<ID_EST>JA014</ID_EST>
<NOMBRE>Higuera de Arjona</NOMBRE>
<PROVINCIA>23</PROVINCIA>
<MUNICIPIO>40</MUNICIPIO>
<LATITUD>37.97306</LATITUD>
<LONGITUD>3.984444</LONGITUD>
<ALTITUD>360</ALTITUD>
</Identificacion_Estaciones_OpenDATA>
<Identificacion_Estaciones_OpenDATA>
<ID_EST>JA015</ID_EST>
<NOMBRE>Quesada</NOMBRE>
<PROVINCIA>23</PROVINCIA>
<MUNICIPIO>73</MUNICIPIO>
<LATITUD>37.88333</LATITUD>
<LONGITUD>3.070556</LONGITUD>
<ALTITUD>700</ALTITUD>
</Identificacion_Estaciones_OpenDATA>
<Identificacion_Estaciones_OpenDATA>
<ID_EST>MA001</ID_EST>
<NOMBRE>Estepona</NOMBRE>
<PROVINCIA>29</PROVINCIA>
<MUNICIPIO>51</MUNICIPIO>
<LATITUD>36.46889</LATITUD>
<LONGITUD>5.065556</LONGITUD>
<ALTITUD>41</ALTITUD>
</Identificacion_Estaciones_OpenDATA>
<Identificacion_Estaciones_OpenDATA>
<ID_EST>MA002</ID_EST>
<NOMBRE>Cartama</NOMBRE>
<PROVINCIA>29</PROVINCIA>
<MUNICIPIO>38</MUNICIPIO>
<LATITUD>36.72806</LATITUD>
<LONGITUD>4.643889</LONGITUD>
<ALTITUD>40</ALTITUD>
</Identificacion_Estaciones_OpenDATA>
<Identificacion_Estaciones_OpenDATA>
<ID_EST>MA003</ID_EST>
<NOMBRE>Casarabonela</NOMBRE>
<PROVINCIA>29</PROVINCIA>
<MUNICIPIO>40</MUNICIPIO>
<LATITUD>36.77108</LATITUD>
<LONGITUD>4.796388</LONGITUD>
<ALTITUD>234</ALTITUD>
</Identificacion_Estaciones_OpenDATA>
<Identificacion_Estaciones_OpenDATA>
<ID_EST>MA004</ID_EST>
<NOMBRE>Ronda</NOMBRE>
<PROVINCIA>29</PROVINCIA>
<MUNICIPIO>84</MUNICIPIO>
<LATITUD>36.80694</LATITUD>
<LONGITUD>5.156944</LONGITUD>
<ALTITUD>750</ALTITUD>
</Identificacion_Estaciones_OpenDATA>
<Identificacion_Estaciones_OpenDATA>
<ID_EST>MA005</ID_EST>
<NOMBRE>Villanueva de Algaida</NOMBRE>
<PROVINCIA>29</PROVINCIA>
<MUNICIPIO>15</MUNICIPIO>
<LATITUD>37.18333</LATITUD>
<LONGITUD>4.471944</LONGITUD>
<ALTITUD>480</ALTITUD>
</Identificacion_Estaciones_OpenDATA>
<Identificacion_Estaciones_OpenDATA>
<ID_EST>MA006</ID_EST>
<NOMBRE>Rincón de la Victoria</NOMBRE>
<PROVINCIA>29</PROVINCIA>
<MUNICIPIO>82</MUNICIPIO>
<LATITUD>36.7175</LATITUD>
<LONGITUD>4.271111</LONGITUD>
<ALTITUD>10</ALTITUD>
</Identificacion_Estaciones_OpenDATA>
<Identificacion_Estaciones_OpenDATA>
<ID_EST>MA007</ID_EST>
<NOMBRE>Periana</NOMBRE>
<PROVINCIA>29</PROVINCIA>
<MUNICIPIO>79</MUNICIPIO>
<LATITUD>36.945</LATITUD>
<LONGITUD>4.231944</LONGITUD>
<ALTITUD>550</ALTITUD>
</Identificacion_Estaciones_OpenDATA>
<Identificacion_Estaciones_OpenDATA>
<ID_EST>MA008</ID_EST>
<NOMBRE>Campillos</NOMBRE>
<PROVINCIA>29</PROVINCIA>
<MUNICIPIO>32</MUNICIPIO>
</Identificacion_Estaciones_OpenDATA>
<Identificacion_Estaciones_OpenDATA>
<ID_EST>SE001</ID_EST>
<NOMBRE>Sevilla</NOMBRE>
<PROVINCIA>41</PROVINCIA>
<MUNICIPIO>91</MUNICIPIO>
<LATITUD>37.35889</LATITUD>
<LONGITUD>5.9475</LONGITUD>
<ALTITUD>12</ALTITUD>
</Identificacion_Estaciones_OpenDATA>
<Identificacion_Estaciones_OpenDATA>
<ID_EST>SE002</ID_EST>
<NOMBRE>Aznalcazar</NOMBRE>
<PROVINCIA>41</PROVINCIA>
<MUNICIPIO>40</MUNICIPIO>
<LATITUD>37.20111</LATITUD>
<LONGITUD>6.283056</LONGITUD>
<ALTITUD>15</ALTITUD>
</Identificacion_Estaciones_OpenDATA>
<Identificacion_Estaciones_OpenDATA>
<ID_EST>SE003</ID_EST>
<NOMBRE>Tocina</NOMBRE>
<PROVINCIA>41</PROVINCIA>
<MUNICIPIO>92</MUNICIPIO>
<LATITUD>37.60833</LATITUD>
<LONGITUD>5.698333</LONGITUD>
<ALTITUD>22</ALTITUD>
</Identificacion_Estaciones_OpenDATA>
<Identificacion_Estaciones_OpenDATA>
<ID_EST>SE004</ID_EST>
<NOMBRE>Puebla del Río</NOMBRE>
<PROVINCIA>41</PROVINCIA>
<MUNICIPIO>79</MUNICIPIO>
<LATITUD>37.2025</LATITUD>
<LONGITUD>5.163056</LONGITUD>
<ALTITUD>8</ALTITUD>
</Identificacion_Estaciones_OpenDATA>
<Identificacion_Estaciones_OpenDATA>
<ID_EST>SE005</ID_EST>
<NOMBRE>La Lantejuela</NOMBRE>
<PROVINCIA>41</PROVINCIA>
<MUNICIPIO>52</MUNICIPIO>
<LATITUD>37.31778</LATITUD>
<LONGITUD>5.285556</LONGITUD>
<ALTITUD>135</ALTITUD>
</Identificacion_Estaciones_OpenDATA>
<Identificacion_Estaciones_OpenDATA>
<ID_EST>SE006</ID_EST>
<NOMBRE>Utrera</NOMBRE>
<PROVINCIA>41</PROVINCIA>
<MUNICIPIO>95</MUNICIPIO>
<LATITUD>37.08528</LATITUD>
<LONGITUD>5.8925</LONGITUD>
<ALTITUD>10</ALTITUD>
</Identificacion_Estaciones_OpenDATA>
<Identificacion_Estaciones_OpenDATA>
<ID_EST>SE007</ID_EST>
<NOMBRE>Alanis</NOMBRE>
<PROVINCIA>41</PROVINCIA>
<MUNICIPIO>2</MUNICIPIO>
<LATITUD>38.02806</LATITUD>
<LONGITUD>5.684167</LONGITUD>
<ALTITUD>728</ALTITUD>
</Identificacion_Estaciones_OpenDATA>
<Identificacion_Estaciones_OpenDATA>
<ID_EST>SE008</ID_EST>
<NOMBRE>El Saucejo</NOMBRE>
<PROVINCIA>41</PROVINCIA>
<MUNICIPIO>90</MUNICIPIO>
<LATITUD>37.07417</LATITUD>
<LONGITUD>5.091667</LONGITUD>
<ALTITUD>520</ALTITUD>
</Identificacion_Estaciones_OpenDATA>
<Identificacion_Estaciones_OpenDATA>
<ID_EST>SE009</ID_EST>
<NOMBRE>Montellano</NOMBRE>
<PROVINCIA>41</PROVINCIA>
<MUNICIPIO>64</MUNICIPIO>
<LATITUD>36.9775</LATITUD>
<LONGITUD>5.561944</LONGITUD>
<ALTITUD>210</ALTITUD>
</Identificacion_Estaciones_OpenDATA>
<Identificacion_Estaciones_OpenDATA>
<ID_EST>SE010</ID_EST>
<NOMBRE>Puebla de los Infantes</NOMBRE>
<PROVINCIA>41</PROVINCIA>
<MUNICIPIO>78</MUNICIPIO>
<LATITUD>37.80722</LATITUD>
<LONGITUD>5.400278</LONGITUD>
<ALTITUD>350</ALTITUD>
</Identificacion_Estaciones_OpenDATA>
<Identificacion_Estaciones_OpenDATA>
<ID_EST>SE011</ID_EST>
<NOMBRE>Estepa</NOMBRE>
<PROVINCIA>41</PROVINCIA>
<MUNICIPIO>41</MUNICIPIO>
<LATITUD>37.33333</LATITUD>
<LONGITUD>4.903056</LONGITUD>
<ALTITUD>338</ALTITUD>
</Identificacion_Estaciones_OpenDATA>
<Identificacion_Estaciones_OpenDATA>
<ID_EST>SE012</ID_EST>
<NOMBRE>Puebla de Cazalla</NOMBRE>
<PROVINCIA>41</PROVINCIA>
<MUNICIPIO>77</MUNICIPIO>
<LATITUD>37.12667</LATITUD>
<LONGITUD>5.291111</LONGITUD>
<ALTITUD>250</ALTITUD>
</Identificacion_Estaciones_OpenDATA>
</dataroot>
